users,final_vms,Type,Name,Request Count,Failure Count,Median Response Time,Average Response Time,Min Response Time,Max Response Time,Average Content Size,Requests/s,Failures/s,50%,66%,75%,80%,90%,95%,98%,99%,99.9%,99.99%,100%
5,5,COGNIT,cognit_stress_cpu,11,0,119000,126491.27272727272,79983,197287,17.818181818181817,0.039237212638248274,0.0,119000,160000,160000,160000,196000,197000,197000,197000,197000,197000,197000
5,5,,Aggregated,11,0,119000,126491.27272727272,79983,197287,17.818181818181817,0.039237212638248274,0.0,119000,160000,160000,160000,196000,197000,197000,197000,197000,197000,197000
15,5,COGNIT,cognit_stress_cpu,13,0,194000,194349.3076923077,188350,200328,17.846153846153847,0.06487878809191881,0.0,194000,196000,197000,198000,199000,200000,200000,200000,200000,200000,200000
15,5,,Aggregated,13,0,194000,194349.3076923077,188350,200328,17.846153846153847,0.06487878809191881,0.0,194000,196000,197000,198000,199000,200000,200000,200000,200000,200000,200000
